<?xml version="1.0" encoding="UTF-8"?>
<project-private xmlns="http://www.netbeans.org/ns/project-private/1">
    <editor-bookmarks xmlns="http://www.netbeans.org/ns/editor-bookmarks/2" lastBookmarkId="0"/>
    <open-files xmlns="http://www.netbeans.org/ns/projectui-open-files/2">
        <group>
            <file>file:/C:/Users/am175665/Desktop/ProjetHopitalAdrien/src/vue/BDDinteractionBASE.java</file>
            <file>file:/C:/Users/am175665/Desktop/ProjetHopitalAdrien/src/vue/FenConnexion.java</file>
            <file>file:/C:/Users/am175665/Desktop/ProjetHopitalAdrien/src/vue/BDDinteractionMALADES.java</file>
            <file>file:/C:/Users/am175665/Desktop/ProjetHopitalAdrien/src/controlleur/Test.java</file>
            <file>file:/C:/Users/am175665/Desktop/ProjetHopitalAdrien/src/vue/BDDinsertion.java</file>
            <file>file:/C:/Users/am175665/Desktop/ProjetHopitalAdrien/src/vue/BDDinteractionINFIRMIER.java</file>
            <file>file:/C:/Users/am175665/Desktop/ProjetHopitalAdrien/src/vue/BDDmodification.java</file>
            <file>file:/C:/Users/am175665/Desktop/ProjetHopitalAdrien/src/vue/FenetreMenu.java</file>
            <file>file:/C:/Users/am175665/Desktop/ProjetHopitalAdrien/src/vue/BDDinteractionDOCTEUR.java</file>
        </group>
    </open-files>
</project-private>
